-- USERS
INSERT INTO users (id, username, password, email, role, email_notifications, sms_notifications, theme)
VALUES
-- Админы
(1, 'admin', '$2a$10$UUpTR/DE/7D9qOLj7Zmotudf/xzhfhPlNZBWXW3n09vXIN.fHX8ju', 'admin@camp.ru', 'ADMIN', true, false, 'auto'),
(2, 'admin2', '$2a$10$UUpTR/DE/7D9qOLj7Zmotudf/xzhfhPlNZBWXW3n09vXIN.fHX8ju', 'admin2@camp.ru', 'ADMIN', true, false, 'auto'),
(3, 'admin3', '$2a$10$UUpTR/DE/7D9qOLj7Zmotudf/xzhfhPlNZBWXW3n09vXIN.fHX8ju', 'admin3@camp.ru', 'ADMIN', true, false, 'auto'),

-- Сотрудники
(4, 'employee', '$2a$10$UUpTR/DE/7D9qOLj7Zmotudf/xzhfhPlNZBWXW3n09vXIN.fHX8ju', 'employee@camp.ru', 'EMPLOYEE', true, false, 'auto'),
(5, 'employee2', '$2a$10$UUpTR/DE/7D9qOLj7Zmotudf/xzhfhPlNZBWXW3n09vXIN.fHX8ju', 'employee2@camp.ru', 'EMPLOYEE', true, false, 'auto'),
(6, 'employee3', '$2a$10$UUpTR/DE/7D9qOLj7Zmotudf/xzhfhPlNZBWXW3n09vXIN.fHX8ju', 'employee3@camp.ru', 'EMPLOYEE', true, false, 'auto'),
(7, 'employee4', '$2a$10$UUpTR/DE/7D9qOLj7Zmotudf/xzhfhPlNZBWXW3n09vXIN.fHX8ju', 'employee4@camp.ru', 'EMPLOYEE', true, false, 'auto'),
(8, 'employee5', '$2a$10$UUpTR/DE/7D9qOLj7Zmotudf/xzhfhPlNZBWXW3n09vXIN.fHX8ju', 'employee5@camp.ru', 'EMPLOYEE', true, false, 'auto'),
(9, 'employee6', '$2a$10$UUpTR/DE/7D9qOLj7Zmotudf/xzhfhPlNZBWXW3n09vXIN.fHX8ju', 'employee6@camp.ru', 'EMPLOYEE', true, false, 'auto'),
(10, 'employee7', '$2a$10$UUpTR/DE/7D9qOLj7Zmotudf/xzhfhPlNZBWXW3n09vXIN.fHX8ju', 'employee7@camp.ru', 'EMPLOYEE', true, false, 'auto'),
(11, 'employee8', '$2a$10$UUpTR/DE/7D9qOLj7Zmotudf/xzhfhPlNZBWXW3n09vXIN.fHX8ju', 'employee8@camp.ru', 'EMPLOYEE', true, false, 'auto'),
(12, 'employee9', '$2a$10$UUpTR/DE/7D9qOLj7Zmotudf/xzhfhPlNZBWXW3n09vXIN.fHX8ju', 'employee9@camp.ru', 'EMPLOYEE', true, false, 'auto'),
(13, 'employee10', '$2a$10$UUpTR/DE/7D9qOLj7Zmotudf/xzhfhPlNZBWXW3n09vXIN.fHX8ju', 'employee10@camp.ru', 'EMPLOYEE', true, false, 'auto'),
(14, 'employee11', '$2a$10$UUpTR/DE/7D9qOLj7Zmotudf/xzhfhPlNZBWXW3n09vXIN.fHX8ju', 'employee11@camp.ru', 'EMPLOYEE', true, false, 'auto'),
(15, 'employee12', '$2a$10$UUpTR/DE/7D9qOLj7Zmotudf/xzhfhPlNZBWXW3n09vXIN.fHX8ju', 'employee12@camp.ru', 'EMPLOYEE', true, false, 'auto'),
(16, 'employee13', '$2a$10$UUpTR/DE/7D9qOLj7Zmotudf/xzhfhPlNZBWXW3n09vXIN.fHX8ju', 'employee13@camp.ru', 'EMPLOYEE', true, false, 'auto'),
(17, 'employee14', '$2a$10$UUpTR/DE/7D9qOLj7Zmotudf/xzhfhPlNZBWXW3n09vXIN.fHX8ju', 'employee14@camp.ru', 'EMPLOYEE', true, false, 'auto'),
(18, 'employee15', '$2a$10$UUpTR/DE/7D9qOLj7Zmotudf/xzhfhPlNZBWXW3n09vXIN.fHX8ju', 'employee15@camp.ru', 'EMPLOYEE', true, false, 'auto'),
(19, 'employee16', '$2a$10$UUpTR/DE/7D9qOLj7Zmotudf/xzhfhPlNZBWXW3n09vXIN.fHX8ju', 'employee16@camp.ru', 'EMPLOYEE', true, false, 'auto'),
(20, 'employee17', '$2a$10$UUpTR/DE/7D9qOLj7Zmotudf/xzhfhPlNZBWXW3n09vXIN.fHX8ju', 'employee17@camp.ru', 'EMPLOYEE', true, false, 'auto'),
(21, 'employee18', '$2a$10$UUpTR/DE/7D9qOLj7Zmotudf/xzhfhPlNZBWXW3n09vXIN.fHX8ju', 'employee18@camp.ru', 'EMPLOYEE', true, false, 'auto'),
(22, 'employee19', '$2a$10$UUpTR/DE/7D9qOLj7Zmotudf/xzhfhPlNZBWXW3n09vXIN.fHX8ju', 'employee19@camp.ru', 'EMPLOYEE', true, false, 'auto'),
(23, 'employee20', '$2a$10$UUpTR/DE/7D9qOLj7Zmotudf/xzhfhPlNZBWXW3n09vXIN.fHX8ju', 'employee20@camp.ru', 'EMPLOYEE', true, false, 'auto'),

-- Родители
(24, 'parent', '$2a$10$UUpTR/DE/7D9qOLj7Zmotudf/xzhfhPlNZBWXW3n09vXIN.fHX8ju', 'parent@camp.ru', 'PARENT', true, false, 'auto'),
(25, 'parent2', '$2a$10$UUpTR/DE/7D9qOLj7Zmotudf/xzhfhPlNZBWXW3n09vXIN.fHX8ju', 'parent2@camp.ru', 'PARENT', true, false, 'auto'),
(26, 'parent3', '$2a$10$UUpTR/DE/7D9qOLj7Zmotudf/xzhfhPlNZBWXW3n09vXIN.fHX8ju', 'parent3@camp.ru', 'PARENT', true, false, 'auto'),
(27, 'parent4', '$2a$10$UUpTR/DE/7D9qOLj7Zmotudf/xzhfhPlNZBWXW3n09vXIN.fHX8ju', 'parent4@camp.ru', 'PARENT', true, false, 'auto'),
(28, 'parent5', '$2a$10$UUpTR/DE/7D9qOLj7Zmotudf/xzhfhPlNZBWXW3n09vXIN.fHX8ju', 'parent5@camp.ru', 'PARENT', true, false, 'auto'),
(29, 'parent6', '$2a$10$UUpTR/DE/7D9qOLj7Zmotudf/xzhfhPlNZBWXW3n09vXIN.fHX8ju', 'parent6@camp.ru', 'PARENT', true, false, 'auto'),
(30, 'parent7', '$2a$10$UUpTR/DE/7D9qOLj7Zmotudf/xzhfhPlNZBWXW3n09vXIN.fHX8ju', 'parent7@camp.ru', 'PARENT', true, false, 'auto'),
(31, 'parent8', '$2a$10$UUpTR/DE/7D9qOLj7Zmotudf/xzhfhPlNZBWXW3n09vXIN.fHX8ju', 'parent8@camp.ru', 'PARENT', true, false, 'auto'),
(32, 'parent9', '$2a$10$UUpTR/DE/7D9qOLj7Zmotudf/xzhfhPlNZBWXW3n09vXIN.fHX8ju', 'parent9@camp.ru', 'PARENT', true, false, 'auto'),
(33, 'parent10', '$2a$10$UUpTR/DE/7D9qOLj7Zmotudf/xzhfhPlNZBWXW3n09vXIN.fHX8ju', 'parent10@camp.ru', 'PARENT', true, false, 'auto'),
(34, 'parent11', '$2a$10$UUpTR/DE/7D9qOLj7Zmotudf/xzhfhPlNZBWXW3n09vXIN.fHX8ju', 'parent11@camp.ru', 'PARENT', true, false, 'auto'),
(35, 'parent12', '$2a$10$UUpTR/DE/7D9qOLj7Zmotudf/xzhfhPlNZBWXW3n09vXIN.fHX8ju', 'parent12@camp.ru', 'PARENT', true, false, 'auto'),
(36, 'parent13', '$2a$10$UUpTR/DE/7D9qOLj7Zmotudf/xzhfhPlNZBWXW3n09vXIN.fHX8ju', 'parent13@camp.ru', 'PARENT', true, false, 'auto'),
(37, 'parent14', '$2a$10$UUpTR/DE/7D9qOLj7Zmotudf/xzhfhPlNZBWXW3n09vXIN.fHX8ju', 'parent14@camp.ru', 'PARENT', true, false, 'auto'),
(38, 'parent15', '$2a$10$UUpTR/DE/7D9qOLj7Zmotudf/xzhfhPlNZBWXW3n09vXIN.fHX8ju', 'parent15@camp.ru', 'PARENT', true, false, 'auto'),
(39, 'parent16', '$2a$10$UUpTR/DE/7D9qOLj7Zmotudf/xzhfhPlNZBWXW3n09vXIN.fHX8ju', 'parent16@camp.ru', 'PARENT', true, false, 'auto'),
(40, 'parent17', '$2a$10$UUpTR/DE/7D9qOLj7Zmotudf/xzhfhPlNZBWXW3n09vXIN.fHX8ju', 'parent17@camp.ru', 'PARENT', true, false, 'auto'),
(41, 'parent18', '$2a$10$UUpTR/DE/7D9qOLj7Zmotudf/xzhfhPlNZBWXW3n09vXIN.fHX8ju', 'parent18@camp.ru', 'PARENT', true, false, 'auto'),
(42, 'parent19', '$2a$10$UUpTR/DE/7D9qOLj7Zmotudf/xzhfhPlNZBWXW3n09vXIN.fHX8ju', 'parent19@camp.ru', 'PARENT', true, false, 'auto'),
(43, 'parent20', '$2a$10$UUpTR/DE/7D9qOLj7Zmotudf/xzhfhPlNZBWXW3n09vXIN.fHX8ju', 'parent20@camp.ru', 'PARENT', true, false, 'auto'),
(44, 'parent21', '$2a$10$UUpTR/DE/7D9qOLj7Zmotudf/xzhfhPlNZBWXW3n09vXIN.fHX8ju', 'parent21@camp.ru', 'PARENT', true, false, 'auto'),
(45, 'parent22', '$2a$10$UUpTR/DE/7D9qOLj7Zmotudf/xzhfhPlNZBWXW3n09vXIN.fHX8ju', 'parent22@camp.ru', 'PARENT', true, false, 'auto'),
(46, 'parent23', '$2a$10$UUpTR/DE/7D9qOLj7Zmotudf/xzhfhPlNZBWXW3n09vXIN.fHX8ju', 'parent23@camp.ru', 'PARENT', true, false, 'auto'),
(47, 'parent24', '$2a$10$UUpTR/DE/7D9qOLj7Zmotudf/xzhfhPlNZBWXW3n09vXIN.fHX8ju', 'parent24@camp.ru', 'PARENT', true, false, 'auto'),
(48, 'parent25', '$2a$10$UUpTR/DE/7D9qOLj7Zmotudf/xzhfhPlNZBWXW3n09vXIN.fHX8ju', 'parent25@camp.ru', 'PARENT', true, false, 'auto'),
(49, 'parent26', '$2a$10$UUpTR/DE/7D9qOLj7Zmotudf/xzhfhPlNZBWXW3n09vXIN.fHX8ju', 'parent26@camp.ru', 'PARENT', true, false, 'auto');


-- CHILDREN
INSERT INTO children (id, full_name, birth_date, parent_id)
VALUES
    (1, 'Артемов Артём Сергеевич', '2011-06-15', 24),
    (2, 'Артемова Мария Сергеевна', '2013-03-22', 24),
    (3, 'Павлов Илья Андреевич', '2012-11-05', 25),
    (4, 'Кузнецова София Олеговна', '2014-08-30', 26),
    (5, 'Семенов Егор Владимирович', '2010-01-12', 27),
    (6, 'Иванова Анастасия Петровна', '2012-05-27', 28),
    (7, 'Иванов Даниил Петрович', '2011-12-09', 28),
    (8, 'Федорова Полина Игоревна', '2013-04-18', 29),
    (9, 'Алексеев Максим Дмитриевич', '2015-07-25', 30),
    (10, 'Кириллова Виктория Сергеевна', '2012-02-03', 31),
    (11, 'Никитин Тимофей Евгеньевич', '2009-09-14', 32),
    (12, 'Елизарова Елизавета Олеговна', '2014-06-21', 33),
    (13, 'Михайлов Михаил Артёмович', '2013-03-11', 33),
    (14, 'Михайлова Дарья Артёмовна', '2011-10-06', 33),
    (15, 'Громов Александр Павлович', '2012-08-17', 34),
    (16, 'Захарова Ксения Владимировна', '2010-11-30', 35),
    (17, 'Горбунов Роман Валерьевич', '2013-01-29', 36),
    (18, 'Веронина Вероника Андреевна', '2014-09-03', 36),
    (19, 'Киселёв Никита Сергеевич', '2011-06-20', 37),
    (20, 'Фомина Алиса Денисовна', '2012-12-01', 37),
    (21, 'Попов Артём Алексеевич', '2012-07-14', 38),
    (22, 'Попова София Алексеевна', '2015-05-09', 38),
    (23, 'Орлов Егор Николаевич', '2011-08-19', 39),
    (24, 'Орлова Анастасия Николаевна', '2013-09-12', 39),
    (25, 'Орлов Тимофей Николаевич', '2015-11-03', 39),
    (26, 'Тарасов Данил Дмитриевич', '2009-03-28', 40),
    (27, 'Гаврилова Дарья Ивановна', '2012-10-25', 41),
    (28, 'Макаров Максим Юрьевич', '2013-07-30', 42),
    (29, 'Ковалёва Полина Алексеевна', '2011-04-13', 43),
    (30, 'Волков Артём Ильич', '2010-01-17', 43),
    (31, 'Киселева Ева Михайловна', '2013-08-04', 44),
    (32, 'Козлов Андрей Владимирович', '2012-02-14', 44),
    (33, 'Сидорова Анна Павловна', '2014-05-23', 44),
    (34, 'Фролов Даниил Станиславович', '2010-11-09', 45),
    (35, 'Романова Варвара Аркадьевна', '2011-06-06', 46),
    (36, 'Беляев Тимур Олегович', '2012-09-02', 47),
    (37, 'Потапова Ева Владиславовна', '2015-03-16', 48),
    (38, 'Калинин Матвей Артемович', '2013-12-10', 49),
    (39, 'Гусева Милана Ивановна', '2011-02-27', 49),
    (40, 'Чернов Степан Алексеевич', '2009-10-05', 25),
    (41, 'Рябова Виктория Егоровна', '2010-06-30', 26),
    (42, 'Зайцев Дмитрий Ильич', '2012-01-01', 27),
    (43, 'Зайцева Александра Ильинична', '2014-04-04', 28),
    (44, 'Медведев Артём Михайлович', '2011-08-11', 29),
    (45, 'Медведева Валерия Михайловна', '2015-09-19', 29),
    (46, 'Смирнов Лев Артёмович', '2012-06-08', 30),
    (47, 'Смирнова Кира Артёмовна', '2013-07-22', 30),
    (48, 'Титов Иван Дмитриевич', '2010-10-28', 31),
    (49, 'Титова Арина Дмитриевна', '2012-12-17', 31),
    (50, 'Ермаков Владислав Павлович', '2011-05-03', 32);


-- EMPLOYEES
INSERT INTO employees (id, full_name, position, user_id)
VALUES
    (1, 'Иванов Сергей Петрович', 'Вожатый', 4),
    (2, 'Петрова Анна Николаевна', 'Медсестра', 5),
    (3, 'Кузнецов Алексей Игоревич', 'Охранник', 6),
    (4, 'Смирнова Елена Викторовна', 'Повар', 7),
    (5, 'Дмитриев Павел Сергеевич', 'Вожатый', 8),
    (6, 'Тарасова Мария Васильевна', 'Психолог', 9),
    (7, 'Лебедев Олег Юрьевич', 'Охранник', 10),
    (8, 'Фролова Ирина Алексеевна', 'Повар', 11),
    (9, 'Никитин Артём Андреевич', 'Сисадмин', 12),
    (10, 'Морозова Светлана Ивановна', 'Вожатый', 13),
    (11, 'Сорокин Илья Вадимович', 'Заместитель директора', 14),
    (12, 'Мельникова Алёна Романовна', 'Медсестра', 15),
    (13, 'Громов Андрей Евгеньевич', 'Инструктор по физкультуре', 16),
    (14, 'Ковалева Виктория Игоревна', 'Вожатый', 17),
    (15, 'Егоров Степан Владимирович', 'Охранник', 18),
    (16, 'Захарова Ирина Сергеевна', 'Повар', 19),
    (17, 'Киселёв Олег Петрович', 'Психолог', 20),
    (18, 'Лукина Татьяна Аркадьевна', 'Медсестра', 21),
    (19, 'Носов Евгений Дмитриевич', 'Сисадмин', 22),
    (20, 'Федорова Марина Алексеевна', 'Вожатый', 23);

-- CAMP_SESSIONS
INSERT INTO camp_sessions (id, name, start_date, end_date, description) VALUES
    (1, 'Летняя сессия "Солнечные приключения"', '2025-06-01', '2025-06-21', 'Трёхнедельная летняя сессия, где дети погружаются в природу, участвуют в спортивных играх, мастер-классах по выживанию и творческих занятиях. Цель — развитие командного духа и самостоятельности.'),
    (2, 'Осенняя сессия "Золотая листва"', '2025-09-01', '2025-09-15', 'Двухнедельная сессия в начале осени с акцентом на экологическое образование, походы и творческие проекты с использованием природных материалов. Особое внимание уделяется изучению природы и окружающей среды.'),
    (3, 'Зимняя сессия "Снежные забавы"', '2025-12-15', '2026-01-05', 'Сессия зимой с активностями на свежем воздухе: катание на санках, лепка снеговиков, зимние спортивные соревнования, а также indoor мастер-классы по рукоделию и театральному искусству. Отличный способ активно и весело провести каникулы.'),
    (4, 'Весенняя сессия "Пробуждение природы"', '2026-03-10', '2026-03-25', 'Весенняя сессия для знакомства с обновлением природы, экологическими экспериментами и спортивными играми. Включены экскурсии и занятия на открытом воздухе для укрепления здоровья и развития интереса к природе.'),
    (5, 'Летняя сессия "Морские приключения"', '2026-07-10', '2026-07-30', 'Тематика сессии — море и путешествия. Участники знакомятся с морской биологией, учатся плавать, участвуют в командных играх и конкурсах, а также изучают основы безопасности на воде. Отличный выбор для любителей приключений и активного отдыха.');

-- VOUCHERS
INSERT INTO vouchers (id, child_id, session_id, status, booking_date)
VALUES (1, 1, 1, 'BOOKED', '2025-05-01'),
       (2, 2, 1, 'CONFIRMED', '2025-05-03'),
       (3, 3, 2, 'USED', '2025-08-15'),
       (4, 4, 3, 'CANCELLED', '2025-11-05'),
       (5, 5, 4, 'BOOKED', '2026-02-10'),
       (6, 6, 5, 'CONFIRMED', '2026-06-01'),
       (7, 7, 1, 'USED', '2025-05-10'),
       (8, 8, 2, 'BOOKED', '2025-07-28'),
       (9, 9, 3, 'CONFIRMED', '2025-11-12'),
       (10, 10, 4, 'USED', '2026-02-25'),
       (11, 11, 5, 'CANCELLED', '2026-06-05'),
       (12, 12, 1, 'BOOKED', '2025-04-25'),
       (13, 13, 2, 'CONFIRMED', '2025-08-03'),
       (14, 14, 3, 'USED', '2025-11-20'),
       (15, 15, 4, 'BOOKED', '2026-02-15'),
       (16, 16, 5, 'CONFIRMED', '2026-06-10'),
       (17, 17, 1, 'CANCELLED', '2025-05-07'),
       (18, 18, 2, 'USED', '2025-08-12'),
       (19, 19, 3, 'BOOKED', '2025-11-08'),
       (20, 20, 4, 'CONFIRMED', '2026-02-18'),
       (21, 21, 5, 'USED', '2026-06-20'),
       (22, 22, 1, 'BOOKED', '2025-05-02'),
       (23, 23, 2, 'CONFIRMED', '2025-08-08'),
       (24, 24, 3, 'CANCELLED', '2025-11-22'),
       (25, 25, 4, 'USED', '2026-02-28'),
       (26, 26, 5, 'BOOKED', '2026-06-15'),
       (27, 27, 1, 'CONFIRMED', '2025-05-12'),
       (28, 28, 2, 'USED', '2025-08-14'),
       (29, 29, 3, 'BOOKED', '2025-11-02'),
       (30, 30, 4, 'CONFIRMED', '2026-02-20'),
       (31, 31, 5, 'CANCELLED', '2026-06-12'),
       (32, 32, 1, 'USED', '2025-05-08'),
       (33, 33, 2, 'BOOKED', '2025-08-04'),
       (34, 34, 3, 'CONFIRMED', '2025-11-15'),
       (35, 35, 4, 'USED', '2026-02-22'),
       (36, 36, 5, 'BOOKED', '2026-06-18'),
       (37, 37, 1, 'CONFIRMED', '2025-05-05'),
       (38, 38, 2, 'CANCELLED', '2025-08-10'),
       (39, 39, 3, 'USED', '2025-11-25'),
       (40, 40, 4, 'BOOKED', '2026-02-12'),
       (41, 41, 5, 'CONFIRMED', '2026-06-22'),
       (42, 42, 1, 'USED', '2025-05-09'),
       (43, 43, 2, 'BOOKED', '2025-08-06'),
       (44, 44, 3, 'CONFIRMED', '2025-11-18'),
       (45, 45, 4, 'CANCELLED', '2026-02-27'),
       (46, 46, 5, 'USED', '2026-06-25'),
       (47, 47, 1, 'BOOKED', '2025-05-11'),
       (48, 48, 2, 'CONFIRMED', '2025-08-09'),
       (49, 49, 3, 'USED', '2025-11-21'),
       (50, 50, 4, 'BOOKED', '2026-02-14');

-- DUTY_LOGS
INSERT INTO duty_logs (id, date, employee_id, session_id, report) VALUES
    (1, '2025-06-01', 1, 1, 'Проведён осмотр территории лагеря, подготовлены площадки для игр.'),
    (2, '2025-06-02', 2, 1, 'Организован инструктаж для вожатых, проверены камеры наблюдения.'),
    (3, '2025-06-03', 3, 1, 'Проверена санитарная зона, проведена уборка помещений.'),
    (4, '2025-06-04', 4, 2, 'Проведена тренировка по пожарной безопасности с персоналом.'),
    (5, '2025-06-05', 5, 2, 'Обновлён график занятий, проведено собрание сотрудников.'),
    (6, '2025-06-06', 6, 2, 'Обследованы бытовые помещения, выявлены мелкие повреждения.'),
    (7, '2025-06-07', 7, 3, 'Подготовлены спортивные инвентари для летних игр.'),
    (8, '2025-06-08', 8, 3, 'Проведён осмотр медицинского пункта, проверены запасы медикаментов.'),
    (9, '2025-06-09', 9, 3, 'Организована культурная программа для детей, проведён вечер кино.'),
    (10, '2025-06-10', 10, 4, 'Проверена работа кухни, соблюдение санитарных норм.'),
    (11, '2025-06-11', 11, 4, 'Обследованы спальные корпуса, проведён мелкий ремонт мебели.'),
    (12, '2025-06-12', 12, 4, 'Организован спортивный турнир для детей, обеспечена безопасность.'),
    (13, '2025-06-13', 13, 5, 'Проведена инвентаризация хозяйственных запасов.'),
    (14, '2025-06-14', 14, 5, 'Обновлена аптечка, проведён инструктаж медицинского персонала.'),
    (15, '2025-06-15', 15, 5, 'Организованы развлекательные мероприятия на открытом воздухе.'),
    (16, '2025-06-16', 16, 1, 'Проверка пожарных выходов и системы сигнализации.'),
    (17, '2025-06-17', 17, 1, 'Подготовка отчетов по текущим мероприятиям лагеря.'),
    (18, '2025-06-18', 18, 2, 'Контроль за соблюдением режима отдыха и питания детей.'),
    (19, '2025-06-19', 19, 2, 'Проведена уборка территории, вывезен мусор.'),
    (20, '2025-06-20', 20, 2, 'Проверка и ремонт спортивного оборудования.'),
    (21, '2025-06-21', 1, 3, 'Организация культурных программ и экскурсий для детей.'),
    (22, '2025-06-22', 2, 3, 'Мониторинг здоровья детей и медицинская помощь при необходимости.'),
    (23, '2025-06-23', 3, 3, 'Контроль за питанием и гигиеной детей в столовой.'),
    (24, '2025-06-24', 4, 4, 'Организация вечерних мероприятий и концертов.'),
    (25, '2025-06-25', 5, 4, 'Проведение профилактических мероприятий по безопасности.'),
    (26, '2025-06-26', 6, 4, 'Проверка состояния жилых комнат и оборудования.'),
    (27, '2025-06-27', 7, 5, 'Сопровождение детей на спортивных мероприятиях.'),
    (28, '2025-06-28', 8, 5, 'Обеспечение порядка во время дневного отдыха детей.'),
    (29, '2025-06-29', 9, 5, 'Проведение инвентаризации и обновление списков оборудования.'),
    (30, '2025-06-30', 10, 1, 'Подведение итогов месяца, подготовка отчётов и планов.');

-- SCHEDULES
INSERT INTO schedules (id, date, session_id, employee_id, time, event_type, description) VALUES
    (1,  '2025-07-01', 1,  1,  '08:00:00', 'Morning Duty',    'Проверка территории лагеря'),
    (2,  '2025-07-01', 1,  2,  '10:00:00', 'Activity Support', 'Помощь в организации спортивных игр'),
    (3,  '2025-07-01', 1,  3,  '14:00:00', 'Medical Check',   'Медицинский осмотр детей'),
    (4,  '2025-07-02', 1,  4,  '08:00:00', 'Morning Duty',    'Контроль за подъёмом и завтраком'),
    (5,  '2025-07-02', 1,  5,  '15:00:00', 'Evening Duty',    'Проверка безопасности перед сном'),
    (6,  '2025-07-03', 2,  6,  '09:00:00', 'Activity Support', 'Организация творческих мастерских'),
    (7,  '2025-07-03', 2, 7,  '12:00:00', 'Medical Check',   'Медицинский осмотр детей'),
    (8,  '2025-07-04', 2, 8,  '08:00:00', 'Morning Duty',    'Обход территории лагеря'),
    (9,  '2025-07-04', 2, 9,  '18:00:00', 'Evening Duty',    'Ночная смена, патрулирование'),
    (10, '2025-07-05', 3, 10,  '07:30:00', 'Morning Duty',    'Контроль за сбором детей на завтрак'),
    (11, '2025-07-05', 3, 11,  '14:00:00', 'Activity Support', 'Проведение спортивных соревнований'),
    (12, '2025-07-06', 3, 12,  '16:00:00', 'Evening Duty',    'Проверка противопожарной безопасности'),
    (13, '2025-07-06', 4, 13,  '09:00:00', 'Medical Check',   'Медицинский осмотр детей'),
    (14, '2025-07-07', 4, 14,  '08:00:00', 'Morning Duty',    'Подготовка к дневным мероприятиям'),
    (15, '2025-07-07', 4, 15,  '19:00:00', 'Evening Duty',    'Наблюдение за вечерним временем отдыха'),
    (16, '2025-07-08', 5, 16,  '08:00:00', 'Morning Duty',    'Обход территории лагеря'),
    (17, '2025-07-08', 5, 17,  '13:00:00', 'Activity Support', 'Помощь с организацией экскурсий'),
    (18, '2025-07-09', 5, 18,  '15:00:00', 'Evening Duty',    'Контроль за отбойным сигналом'),
    (19, '2025-07-09', 5, 19,  '07:30:00', 'Morning Duty',    'Подготовка территории к началу дня'),
    (20, '2025-07-10', 5, 20,  '10:00:00', 'Medical Check',   'Проведение профилактических осмотров');

-- MENUS
INSERT INTO menus (id, date, session_id, breakfast, lunch, dinner, notes) VALUES
    (1,  '2025-07-01', 1,
    'Овсяная каша с ягодами, чай с мёдом',
    'Куриный суп с вермишелью, гречневая каша, салат из свежих овощей',
    'Тушёная говядина с картофельным пюре, компот из сухофруктов',
    'Без глютена, учесть аллергии на орехи'),
    (2,  '2025-07-02', 1,
    'Блины с творогом и ягодным соусом, какао',
    'Суп-пюре из тыквы, рис с овощами, салат из капусты',
    'Запечённая рыба с овощным рагу, кисель',
    'Вегетарианский вариант на обед'),
    (3,  '2025-07-03', 2,
    'Яйца всмятку, хлеб с маслом, фруктовый сок',
    'Солянка сборная, картофельное пюре, свежие овощи',
    'Плов с курицей, компот',
    'Учесть детей с непереносимостью лактозы'),
    (4,  '2025-07-04', 2,
    'Мюсли с йогуртом, чай с лимоном',
    'Борщ с пампушками, гречка с грибами, салат из моркови',
    'Котлеты из индейки с овощным гарниром, кисель',
    'Внимание на свежесть продуктов'),
    (5,  '2025-07-05', 3,
    'Сырники со сметаной, компот',
    'Уха из трески, картофель отварной, салат из свеклы',
    'Макароны с мясным соусом, морс',
    'Без орехов'),
    (6,  '2025-07-06', 3,
    'Каша манная с вареньем, травяной чай',
    'Щи из квашеной капусты, рис с тушеными овощами, салат',
    'Тефтели с картофельным пюре, компот из яблок',
    'Учитывать аллергиков'),
    (7,  '2025-07-07', 4,
    'Гречневая каша с маслом, какао',
    'Рассольник с перловкой, тушёная капуста, салат из свежих огурцов',
    'Запеканка из творога с ягодным соусом, чай',
    'Вегетарианское меню по запросу'),
    (8,  '2025-07-08', 4,
    'Пшеничные хлебцы с джемом, фруктовый сок',
    'Суп с фрикадельками, картофель отварной, салат из свежей капусты',
    'Куриные грудки на пару, овощное рагу, компот',
    'Следить за температурой подачи'),
    (9,  '2025-07-09', 5,
    'Оладьи с мёдом, чай с лимоном',
    'Грибной суп, пюре из цветной капусты, салат из свежих овощей',
    'Запечённая свинина с картофелем, морс',
    'Избегать острых специй'),
    (10, '2025-07-10', 5,
    'Рисовая каша с яблоками, травяной чай',
    'Суп лапша с курицей, гречневая каша, салат из моркови и яблок',
    'Курица с овощами в сливочном соусе, компот',
    'Особое внимание детям с аллергией на молочные продукты');

-- MEDICAL_CARDS
INSERT INTO medical_cards (id, child_id, health_info, chronic_diseases, allergies, vaccinations, notes) VALUES
    (1,  1,  'Общее состояние хорошее, активен, занимается спортом', 'Нет', 'Нет', 'Прививки по календарю', 'Регулярно посещает врача'),
    (2,  2,  'Легкая астма, носит ингалятор', 'Астма', 'Пыльца растений', 'Прививки по календарю', 'Требуется наблюдение при физической нагрузке'),
    (3,  3,  'Аллергия на орехи, склонен к сенной лихорадке', 'Нет', 'Орехи, пыльца', 'Прививки по календарю', 'При аллергических реакциях использовать антигистаминные'),
    (4,  4,  'Хорошее состояние, иногда бывают головные боли', 'Мигрень', 'Нет', 'Прививки по календарю', 'Рекомендуется избегать стрессов'),
    (5,  5,  'Недавняя простуда, состояние стабильное', 'Нет', 'Нет', 'Прививки по календарю', 'Следить за режимом дня'),
    (6,  6,  'Сколиоз средней степени', 'Сколиоз', 'Нет', 'Прививки по календарю', 'Регулярно выполняет лечебную гимнастику'),
    (7,  7,  'Диабет 1 типа, требует контроля сахара', 'Диабет', 'Нет', 'Прививки по календарю', 'Требуется ежедневный контроль глюкозы'),
    (8,  8,  'Хорошее общее состояние', 'Нет', 'Кошачья шерсть', 'Прививки по календарю', 'Избегать контакта с животными'),
    (9,  9,  'Проблемы с пищеварением', 'Гастрит', 'Молочные продукты', 'Прививки по календарю', 'Диета без молока'),
    (10, 10, 'Легкий бронхит в анамнезе', 'Бронхит', 'Пыль', 'Прививки по календарю', 'Избегать пыли и табачного дыма'),
    (11, 11, 'Общее состояние хорошее', 'Нет', 'Нет', 'Прививки по календарю', ''),
    (12, 12, 'Аллергия на пыльцу', 'Нет', 'Пыльца', 'Прививки по календарю', ''),
    (13, 13, 'Хронический насморк', 'Ринит', 'Нет', 'Прививки по календарю', 'Использовать капли по назначению врача'),
    (14, 14, 'Хорошее состояние, занимается плаванием', 'Нет', 'Нет', 'Прививки по календарю', ''),
    (15, 15, 'Недавняя прививка от гриппа', 'Нет', 'Нет', 'Прививки по календарю, грипп', ''),
    (16, 16, 'Легкая форма аллергии на шерсть животных', 'Нет', 'Шерсть', 'Прививки по календарю', ''),
    (17, 17, 'Низкий уровень гемоглобина', 'Анемия', 'Нет', 'Прививки по календарю', 'Рекомендуется диета с высоким содержанием железа'),
    (18, 18, 'Наличие хронического гайморита', 'Гайморит', 'Нет', 'Прививки по календарю', ''),
    (19, 19, 'Аллергия на лекарства', 'Нет', 'Антибиотики', 'Прививки по календарю', 'Внимание при приеме медикаментов'),
    (20, 20, 'Хорошее состояние', 'Нет', 'Нет', 'Прививки по календарю', ''),
    (21, 21, 'Проблемы с кожей (экзема)', 'Экзема', 'Нет', 'Прививки по календарю', 'Использовать рекомендованные кремы'),
    (22, 22, 'Общее состояние хорошее', 'Нет', 'Нет', 'Прививки по календарю', ''),
    (23, 23, 'Легкая форма аллергии на продукты питания', 'Нет', 'Молоко, яйца', 'Прививки по календарю', ''),
    (24, 24, 'Недавняя операция', 'Нет', 'Нет', 'Прививки по календарю', 'Реабилитация завершена'),
    (25, 25, 'Хронический тонзиллит', 'Тонзиллит', 'Нет', 'Прививки по календарю', ''),
    (26, 26, 'Хорошее общее состояние', 'Нет', 'Нет', 'Прививки по календарю', ''),
    (27, 27, 'Аллергия на пыльцу', 'Нет', 'Пыльца', 'Прививки по календарю', ''),
    (28, 28, 'Низкое давление', 'Гипотония', 'Нет', 'Прививки по календарю', 'Следить за режимом дня'),
    (29, 29, 'Хорошее состояние', 'Нет', 'Нет', 'Прививки по календарю', ''),
    (30, 30, 'Хорошее состояние, занимается спортом', 'Нет', 'Нет', 'Прививки по календарю', ''),
    (31, 31, 'Астма в легкой форме', 'Астма', 'Пыльца', 'Прививки по календарю', ''),
    (32, 32, 'Хорошее состояние', 'Нет', 'Нет', 'Прививки по календарю', ''),
    (33, 33, 'Хронический гастрит', 'Гастрит', 'Нет', 'Прививки по календарю', 'Диета исключающая острое'),
    (34, 34, 'Общее состояние хорошее', 'Нет', 'Нет', 'Прививки по календарю', ''),
    (35, 35, 'Аллергия на орехи', 'Нет', 'Орехи', 'Прививки по календарю', 'Требуется особое питание'),
    (36, 36, 'Хорошее состояние', 'Нет', 'Нет', 'Прививки по календарю', ''),
    (37, 37, 'Недавняя простуда', 'Нет', 'Нет', 'Прививки по календарю', 'Следить за режимом'),
    (38, 38, 'Хронический насморк', 'Ринит', 'Нет', 'Прививки по календарю', ''),
    (39, 39, 'Общее состояние хорошее', 'Нет', 'Нет', 'Прививки по календарю', ''),
    (40, 40, 'Легкая аллергия на пыльцу', 'Нет', 'Пыльца', 'Прививки по календарю', ''),
    (41, 41, 'Хорошее состояние', 'Нет', 'Нет', 'Прививки по календарю', ''),
    (42, 42, 'Хронический бронхит', 'Бронхит', 'Нет', 'Прививки по календарю', ''),
    (43, 43, 'Аллергия на молочные продукты', 'Нет', 'Молоко', 'Прививки по календарю', ''),
    (44, 44, 'Общее состояние хорошее', 'Нет', 'Нет', 'Прививки по календарю', ''),
    (45, 45, 'Хорошее состояние', 'Нет', 'Нет', 'Прививки по календарю', ''),
    (46, 46, 'Недавняя травма', 'Нет', 'Нет', 'Прививки по календарю', 'В процессе восстановления'),
    (47, 47, 'Общее состояние хорошее', 'Нет', 'Нет', 'Прививки по календарю', ''),
    (48, 48, 'Аллергия на пыльцу и пыль', 'Нет', 'Пыльца, пыль', 'Прививки по календарю', ''),
    (49, 49, 'Хорошее состояние', 'Нет', 'Нет', 'Прививки по календарю', ''),
    (50, 50, 'Хронический тонзиллит', 'Тонзиллит', 'Нет', 'Прививки по календарю', 'Регулярные осмотры у ЛОРа');

-- MEDICAL_VISITS
INSERT INTO medical_visits (id, date, child_id, doctor_id, description, recommendations, medications) VALUES
    (1,  '2025-07-05',  1,  2,  'Плановый осмотр, состояние удовлетворительное', 'Регулярно соблюдать режим', 'Витамины'),
    (2,  '2025-07-07',  2, 12,  'Аллергическая реакция на пыльцу', 'Избегать аллергенов, принимать антигистаминные', 'Цетиризин'),
    (3,  '2025-07-08',  3,  6,  'Психологическое обследование, стресс на фоне учебы', 'Рекомендована консультация психолога', ''),
    (4,  '2025-07-09',  4, 17,  'Психологическая поддержка, симптомы тревоги', 'Проведение групповых занятий', ''),
    (5,  '2025-07-10',  5,  2,  'Осмотр после простуды', 'Пить больше жидкости', 'Парацетамол при необходимости'),
    (6,  '2025-07-11',  6, 12,  'Проверка состояния при сколиозе', 'Лечебная гимнастика ежедневно', ''),
    (7,  '2025-07-12',  7,  2,  'Контроль сахарного диабета', 'Постоянный контроль сахара в крови', 'Инсулин'),
    (8,  '2025-07-13',  8,  6,  'Психологический осмотр, адаптация в лагере', 'Рекомендованы занятия спортом', ''),
    (9,  '2025-07-14',  9, 12,  'Проблемы с пищеварением', 'Диета без молочных продуктов', ''),
    (10, '2025-07-15', 10,  2,  'Легкий бронхит, назначено лечение', 'Избегать переохлаждения', 'Амоксициллин'),
    (11, '2025-07-16', 11,  6,  'Психологическая поддержка', 'Релаксационные упражнения', ''),
    (12, '2025-07-17', 12, 17,  'Психологическое обследование', 'Индивидуальные консультации', ''),
    (13, '2025-07-18', 13,  2,  'Хронический насморк', 'Использование капель', 'Називин'),
    (14, '2025-07-19', 14, 12,  'Общее состояние удовлетворительное', 'Режим сна и питания', ''),
    (15, '2025-07-20', 15,  2,  'Плановая вакцинация', 'Контроль реакций на прививку', ''),
    (16, '2025-07-21', 16,  6,  'Психологический осмотр', 'Занятия с психологом', ''),
    (17, '2025-07-22', 17, 17,  'Психологическая помощь', 'Поддержка эмоционального состояния', ''),
    (18, '2025-07-23', 18, 12,  'Хронический гайморит', 'Промывания носа', 'Аква Марис'),
    (19, '2025-07-24', 19,  2,  'Аллергия на лекарства', 'Избегать аллергенных препаратов', ''),
    (20, '2025-07-25', 20,  6,  'Психологическая консультация', 'Рекомендации по снижению стресса', ''),
    (21, '2025-07-26', 21, 12,  'Экзема на руках', 'Использование увлажняющих кремов', 'Адвантан'),
    (22, '2025-07-27', 22,  2,  'Общее обследование', 'Режим питания и сна', ''),
    (23, '2025-07-28', 23,  6,  'Аллергия на продукты', 'Исключить аллерген из рациона', ''),
    (24, '2025-07-29', 24, 17,  'Психологическая реабилитация', 'Терапия и поддержка', ''),
    (25, '2025-07-30', 25, 12,  'Хронический тонзиллит', 'Промывания горла', 'Фурацилин'),
    (26, '2025-07-31', 26,  2,  'Общее состояние хорошее', 'Физическая активность', ''),
    (27, '2025-08-01', 27,  6,  'Аллергия на пыльцу', 'Антигистаминные', 'Лоратадин'),
    (28, '2025-08-02', 28, 17,  'Гипотония', 'Соблюдать режим отдыха', ''),
    (29, '2025-08-03', 29, 12,  'Общее обследование', 'Питание и физкультура', ''),
    (30, '2025-08-04', 30,  2,  'Плановый осмотр', 'Витамины и отдых', ''),
    (31, '2025-08-05', 31,  6,  'Астма, контроль симптомов', 'Избегать аллергенов', 'Сальбутамол'),
    (32, '2025-08-06', 32, 17,  'Психологический осмотр', 'Рекомендации по поведению', ''),
    (33, '2025-08-07', 33, 12,  'Хронический гастрит', 'Диета без острых блюд', ''),
    (34, '2025-08-08', 34,  2,  'Общее состояние хорошее', 'Активный образ жизни', ''),
    (35, '2025-08-09', 35,  6,  'Аллергия на орехи', 'Избегать аллергенов', ''),
    (36, '2025-08-10', 36, 17,  'Психологическая поддержка', 'Релаксация и отдых', ''),
    (37, '2025-08-11', 37, 12,  'Недавняя простуда', 'Режим покоя', ''),
    (38, '2025-08-12', 38,  2,  'Хронический насморк', 'Использование капель', 'Називин'),
    (39, '2025-08-13', 39,  6,  'Общее состояние хорошее', 'Физическая активность', ''),
    (40, '2025-08-14', 40, 17,  'Легкая аллергия на пыльцу', 'Антигистаминные препараты', 'Цетиризин'),
    (41, '2025-08-15', 41, 12,  'Общее состояние хорошее', 'Правильное питание', ''),
    (42, '2025-08-16', 42,  2,  'Хронический бронхит', 'Лечебные процедуры', ''),
    (43, '2025-08-17', 43,  6,  'Аллергия на молочные продукты', 'Исключить молоко из рациона', ''),
    (44, '2025-08-18', 44, 17,  'Общее обследование', 'Физическая активность', ''),
    (45, '2025-08-19', 45, 12,  'Общее состояние', 'Соблюдать режим', ''),
    (46, '2025-08-20', 46,  2,  'Недавняя травма, восстановление', 'Реабилитация', ''),
    (47, '2025-08-21', 47,  6,  'Общее состояние хорошее', 'Режим дня', ''),
    (48, '2025-08-22', 48, 17,  'Аллергия на пыльцу и пыль', 'Антигистаминные', 'Лоратадин'),
    (49, '2025-08-23', 49, 12,  'Общее состояние хорошее', 'Физическая активность', ''),
    (50, '2025-08-24', 50,  2,  'Хронический тонзиллит', 'Регулярные осмотры у ЛОРа', 'Фурацилин');

-- NOTIFICATIONS
INSERT INTO notifications (id, recipient_id, type, subject, message, status, created_at, sent_at) VALUES
    (1,  4,  'system', 'Новая смена началась', 'Уважаемый сотрудник, новая смена лагеря началась. Пожалуйста, ознакомьтесь с расписанием.', 'sent', '2025-07-30 08:00:00', '2025-07-30 08:01:00'),
    (2,  7,  'reminder', 'Плановое собрание', 'Напоминаем, что собрание сотрудников состоится завтра в 10:00.', 'sent', '2025-07-29 09:00:00', '2025-07-29 09:05:00'),
    (3, 10,  'alert', 'Изменение расписания', 'В расписании смены произошли изменения. Проверьте новые данные.', 'pending', '2025-07-31 12:00:00', NULL),
    (4, 15,  'info', 'Обновление политики безопасности', 'Просьба ознакомиться с обновленной политикой безопасности лагеря.', 'sent', '2025-07-25 14:30:00', '2025-07-25 14:35:00'),
    (5, 20,  'system', 'Новые медицинские рекомендации', 'Появились новые рекомендации по медицинскому обслуживанию детей.', 'sent', '2025-07-28 10:00:00', '2025-07-28 10:10:00'),
    (6, 24,  'reminder', 'Напоминание о визите к врачу', 'Уважаемые родители, напоминаем о предстоящем медицинском осмотре вашего ребенка.', 'sent', '2025-07-30 07:00:00', '2025-07-30 07:05:00'),
    (7, 26,  'alert', 'Отмена экскурсии', 'Экскурсия, запланированная на завтра, отменена по погодным условиям.', 'sent', '2025-07-29 16:00:00', '2025-07-29 16:10:00'),
    (8, 31,  'info', 'Рекомендации по питанию', 'Просим обратить внимание на рекомендации по питанию детей в лагере.', 'pending', '2025-07-31 08:30:00', NULL),
    (9, 37,  'system', 'Обновление данных ребенка', 'Пожалуйста, обновите медицинскую карту вашего ребенка в системе.', 'sent', '2025-07-27 09:45:00', '2025-07-27 09:50:00'),
    (10, 43, 'reminder', 'Предстоящий родительский день', 'Приглашаем вас на родительский день, который состоится в следующую субботу.', 'sent', '2025-07-26 15:00:00', '2025-07-26 15:10:00'),
    (11, 5,  'alert', 'Неотложное сообщение', 'Пожалуйста, срочно свяжитесь с администрацией лагеря.', 'pending', '2025-07-31 14:00:00', NULL),
    (12, 12, 'info', 'Новые методические материалы', 'Для сотрудников доступны новые методические материалы по работе с детьми.', 'sent', '2025-07-24 11:30:00', '2025-07-24 11:35:00'),
    (13, 18, 'system', 'Отчет о работе смены', 'Просьба предоставить отчет о проведенной работе за смену.', 'sent', '2025-07-28 17:00:00', '2025-07-28 17:05:00'),
    (14, 25, 'reminder', 'Проверка документов', 'Пожалуйста, предоставьте обновленные документы для оформления.', 'sent', '2025-07-25 13:00:00', '2025-07-25 13:05:00'),
    (15, 49, 'alert', 'Важное уведомление', 'Просим вас внимательно ознакомиться с новым расписанием лагеря.', 'pending', '2025-07-30 18:00:00', NULL);

-- PAYMENTS
INSERT INTO payments (id, parent_id, voucher_id, amount, date, status, method, comment) VALUES
    (1,  24, 1, 15000.00, '2025-07-01 10:15:00', 'completed', 'credit_card', 'Оплата за смену июль 2025'),
    (2,  25, 2, 15000.00, '2025-07-02 11:30:00', 'completed', 'bank_transfer', 'Оплата проведена с задержкой'),
    (3,  26, 3, 15000.00, '2025-07-03 09:45:00', 'pending', 'cash', 'Оплата в процессе подтверждения'),
    (4,  27, 4, 15000.00, '2025-07-04 14:20:00', 'completed', 'credit_card', NULL),
    (5,  28, 5, 15000.00, '2025-07-05 16:10:00', 'failed', 'credit_card', 'Отказ банка'),
    (6,  29, 6, 15000.00, '2025-07-06 10:00:00', 'completed', 'cash', 'Оплата наличными'),
    (7,  30, 7, 15000.00, '2025-07-07 13:15:00', 'completed', 'bank_transfer', NULL),
    (8,  31, 8, 15000.00, '2025-07-08 12:45:00', 'pending', 'credit_card', 'Ожидается подтверждение'),
    (9,  32, 9, 15000.00, '2025-07-09 15:30:00', 'completed', 'credit_card', NULL),
    (10, 33, 10, 15000.00, '2025-07-10 09:00:00', 'completed', 'bank_transfer', 'Оплата по договору'),
    (11, 34, 11, 15000.00, '2025-07-11 11:50:00', 'completed', 'cash', NULL),
    (12, 35, 12, 15000.00, '2025-07-12 14:05:00', 'failed', 'bank_transfer', 'Ошибка в реквизитах'),
    (13, 36, 13, 15000.00, '2025-07-13 10:25:00', 'completed', 'credit_card', NULL),
    (14, 37, 14, 15000.00, '2025-07-14 16:40:00', 'completed', 'credit_card', 'Скидка 10%'),
    (15, 38, 15, 15000.00, '2025-07-15 08:55:00', 'pending', 'cash', 'Ожидание подтверждения'),
    (16, 39, 16, 15000.00, '2025-07-16 13:10:00', 'completed', 'bank_transfer', NULL),
    (17, 40, 17, 15000.00, '2025-07-17 10:00:00', 'completed', 'credit_card', NULL),
    (18, 41, 18, 15000.00, '2025-07-18 09:20:00', 'completed', 'cash', NULL),
    (19, 42, 19, 15000.00, '2025-07-19 15:30:00', 'failed', 'credit_card', 'Отказ платежа'),
    (20, 43, 20, 15000.00, '2025-07-20 11:45:00', 'completed', 'bank_transfer', NULL),
    (21, 44, 21, 15000.00, '2025-07-21 14:15:00', 'completed', 'credit_card', NULL),
    (22, 45, 22, 15000.00, '2025-07-22 10:05:00', 'pending', 'cash', 'Ожидание оплаты'),
    (23, 46, 23, 15000.00, '2025-07-23 09:40:00', 'completed', 'credit_card', NULL),
    (24, 47, 24, 15000.00, '2025-07-24 16:25:00', 'completed', 'bank_transfer', NULL),
    (25, 48, 25, 15000.00, '2025-07-25 12:30:00', 'failed', 'cash', 'Недостаточно средств'),
    (26, 49, 26, 15000.00, '2025-07-26 08:50:00', 'completed', 'credit_card', 'Оплата с бонусом'),
    (27, 24, 27, 15000.00, '2025-07-27 11:10:00', 'completed', 'bank_transfer', NULL),
    (28, 25, 28, 15000.00, '2025-07-28 14:00:00', 'completed', 'cash', NULL),
    (29, 26, 29, 15000.00, '2025-07-29 09:30:00', 'pending', 'credit_card', 'Подтверждение в процессе'),
    (30, 27, 30, 15000.00, '2025-07-30 13:45:00', 'completed', 'credit_card', NULL),
    (31, 28, 31, 15000.00, '2025-07-31 10:15:00', 'completed', 'bank_transfer', NULL),
    (32, 29, 32, 15000.00, '2025-08-01 09:00:00', 'failed', 'cash', 'Ошибка системы'),
    (33, 30, 33, 15000.00, '2025-08-02 11:20:00', 'completed', 'credit_card', NULL),
    (34, 31, 34, 15000.00, '2025-08-03 14:30:00', 'completed', 'credit_card', NULL),
    (35, 32, 35, 15000.00, '2025-08-04 10:45:00', 'pending', 'bank_transfer', 'Оплата в обработке'),
    (36, 33, 36, 15000.00, '2025-08-05 12:00:00', 'completed', 'cash', NULL),
    (37, 34, 37, 15000.00, '2025-08-06 15:15:00', 'completed', 'credit_card', NULL),
    (38, 35, 38, 15000.00, '2025-08-07 09:10:00', 'completed', 'bank_transfer', NULL),
    (39, 36, 39, 15000.00, '2025-08-08 11:30:00', 'failed', 'credit_card', 'Ошибка платежа'),
    (40, 37, 40, 15000.00, '2025-08-09 08:00:00', 'completed', 'cash', NULL),
    (41, 38, 41, 15000.00, '2025-08-10 13:25:00', 'completed', 'credit_card', NULL),
    (42, 39, 42, 15000.00, '2025-08-11 14:40:00', 'pending', 'bank_transfer', 'Ожидание платежа'),
    (43, 40, 43, 15000.00, '2025-08-12 10:00:00', 'completed', 'credit_card', NULL),
    (44, 41, 44, 15000.00, '2025-08-13 09:15:00', 'completed', 'cash', NULL),
    (45, 42, 45, 15000.00, '2025-08-14 16:50:00', 'failed', 'credit_card', 'Отказ'),
    (46, 43, 46, 15000.00, '2025-08-15 11:30:00', 'completed', 'bank_transfer', NULL),
    (47, 44, 47, 15000.00, '2025-08-16 08:20:00', 'completed', 'credit_card', NULL),
    (48, 45, 48, 15000.00, '2025-08-17 13:35:00', 'completed', 'cash', NULL),
    (49, 46, 49, 15000.00, '2025-08-18 10:55:00', 'pending', 'credit_card', 'Подтверждение оплаты'),
    (50, 47, 50, 15000.00, '2025-08-19 15:00:00', 'completed', 'cash', NULL);

-- ACTIVITY_LOGS
INSERT INTO activity_logs (id, user_id, action, timestamp, description)
VALUES
    (1, 1, 'LOGIN', '2025-08-01T08:12:34', 'Администратор вошёл в систему'),
    (2, 1, 'VIEW_EMPLOYEE_LIST', '2025-08-01T08:15:12', 'Просмотр списка сотрудников'),
    (3, 1, 'LOGOUT', '2025-08-01T08:25:44', 'Выход из системы'),
    (4, 2, 'LOGIN', '2025-08-01T09:00:01', 'Администратор вошёл в систему'),
    (5, 2, 'EDIT_PROFILE', '2025-08-01T09:03:45', 'Редактирование профиля администратора'),
    (6, 2, 'LOGOUT', '2025-08-01T09:20:18', 'Выход из системы'),
    (7, 3, 'LOGIN', '2025-08-01T10:10:05', 'Администратор вошёл в систему'),
    (8, 3, 'VIEW_EMPLOYEE_LIST', '2025-08-01T10:12:22', 'Просмотр списка сотрудников'),
    (9, 3, 'LOGOUT', '2025-08-01T10:30:00', 'Выход из системы'),
    (10, 4, 'LOGIN', '2025-08-02T08:30:11', 'Сотрудник вошёл в систему'),
    (11, 4, 'EDIT_PROFILE', '2025-08-02T08:40:20', 'Редактирование профиля пользователя'),
    (12, 4, 'LOGOUT', '2025-08-02T08:50:33', 'Выход из системы'),
    (13, 5, 'LOGIN', '2025-08-02T09:15:00', 'Сотрудник вошёл в систему'),
    (14, 5, 'EDIT_PROFILE', '2025-08-02T09:20:40', 'Обновление номера телефона'),
    (15, 5, 'LOGOUT', '2025-08-02T09:35:10', 'Выход из системы'),
    (16, 6, 'LOGIN', '2025-08-02T10:00:05', 'Сотрудник вошёл в систему'),
    (17, 6, 'LOGOUT', '2025-08-02T10:12:55', 'Выход из системы'),
    (18, 7, 'LOGIN', '2025-08-02T10:15:15', 'Сотрудник вошёл в систему'),
    (19, 7, 'EDIT_PROFILE', '2025-08-02T10:18:30', 'Смена темы интерфейса'),
    (20, 7, 'LOGOUT', '2025-08-02T10:40:22', 'Выход из системы'),
    (41, 24, 'LOGIN', '2025-08-03T08:00:00', 'Родитель вошёл в систему'),
    (42, 24, 'VIEW_CHILD', '2025-08-03T08:05:12', 'Просмотр карточки ребёнка: Алексей Смирнов'),
    (43, 24, 'LOGOUT', '2025-08-03T08:20:17', 'Выход из системы'),
    (44, 25, 'LOGIN', '2025-08-03T09:00:00', 'Родитель вошёл в систему'),
    (45, 25, 'REGISTER_CHILD', '2025-08-03T09:05:35', 'Регистрация ребёнка: Мария Иванова'),
    (46, 25, 'LOGOUT', '2025-08-03T09:30:55', 'Выход из системы'),
    (47, 26, 'LOGIN', '2025-08-03T10:10:10', 'Родитель вошёл в систему'),
    (48, 26, 'VIEW_CHILD', '2025-08-03T10:11:59', 'Просмотр карточки ребёнка: Тимофей Егоров'),
    (49, 26, 'EDIT_PROFILE', '2025-08-03T10:15:22', 'Смена email'),
    (50, 26, 'LOGOUT', '2025-08-03T10:20:44', 'Выход из системы'),
    (51, 27, 'LOGIN', '2025-08-03T11:00:00', 'Родитель вошёл в систему'),
    (52, 27, 'VIEW_CHILD', '2025-08-03T11:02:10', 'Просмотр карточки ребёнка: Анастасия Кузнецова'),
    (53, 27, 'LOGOUT', '2025-08-03T11:20:05', 'Выход из системы');

SELECT setval('activity_logs_id_seq', (SELECT MAX(id) FROM activity_logs));
SELECT setval('camp_sessions_id_seq', (SELECT MAX(id) FROM camp_sessions));
SELECT setval('children_id_seq', (SELECT MAX(id) FROM children));
SELECT setval('duty_logs_id_seq', (SELECT MAX(id) FROM duty_logs));
SELECT setval('employees_id_seq', (SELECT MAX(id) FROM employees));
SELECT setval('medical_cards_id_seq', (SELECT MAX(id) FROM medical_cards));
SELECT setval('medical_visits_id_seq', (SELECT MAX(id) FROM medical_visits));
SELECT setval('menus_id_seq', (SELECT MAX(id) FROM menus));
SELECT setval('notifications_id_seq', (SELECT MAX(id) FROM notifications));
SELECT setval('payments_id_seq', (SELECT MAX(id) FROM payments));
SELECT setval('schedules_id_seq', (SELECT MAX(id) FROM schedules));
SELECT setval('users_id_seq', (SELECT MAX(id) FROM users));
SELECT setval('vouchers_id_seq', (SELECT MAX(id) FROM vouchers));